322707	Bahej	AG	Bhimpore	07:00:00	17:00:00	0.02	Valod
322704	Bhimpore	JGY	Bhimpore	00:00:00	24:00:00	0.02	Valod
322706	Hathuka	AG	Bhimpore	07:00:00	17:00:00	0.02	Valod
322702	Hill	HTEX	Bhimpore	00:00:00	24:00:00	0.02	Valod
322701	Khakhar	AG	Bhimpore	07:00:00	17:00:00	0.02	Valod
322705	Kumbhiya	AG	Bhimpore	07:00:00	17:00:00	0.02	Valod
322703	Ranveri	JGY	Bhimpore	00:00:00	24:00:00	0.02	Valod
322708	Sankalp	HTEX	Bhimpore	00:00:00	24:00:00	0.02	Valod
321106	Kamalchhod	AG	Borakhadi	06:00:00	16:00:00	0.02	Valod
329801	Dhodhiya	AG	Degama	06:00:00	16:00:00	0.02	Valod
329802	Kokanvad	AG	Degama	06:00:00	16:00:00	0.02	Valod
329803	Madhuli	JGY	Degama	00:00:00	24:00:00	0.02	Valod
532802	Andhatri	JGY	Godadha	00:00:00	24:00:00	0.02	Valod
532804	Dharampura	AG	Godadha	06:00:00	16:00:00	0.02	Valod
532803	Pahad	AG	Godadha	06:00:00	16:00:00	0.02	Valod
532801	Patel	JGY	Godadha	00:00:00	24:00:00	0.02	Valod
388705	Dungari	AG	Kelkui	06:00:00	16:00:00	0.02	Valod
388703	Godaun	JGY	Kelkui	00:00:00	24:00:00	0.02	Valod
388702	Nalotha	AG	Kelkui	06:00:00	16:00:00	0.02	Valod
388701	Parshi	AG	Kelkui	06:00:00	16:00:00	0.02	Valod
388704	Valmiki	JGY	Kelkui	00:00:00	24:00:00	0.02	Valod
322205	Ambach	JGY	Rupvada	00:00:00	24:00:00	0.02	Valod
322203	Degama	JGY	Rupvada	00:00:00	24:00:00	0.02	Valod
322206	Gandhi	AGSKY	Rupvada	06:00:00	16:00:00	0.02	Valod
322202	Khanpur	AGSKY	Rupvada	06:00:00	16:00:00	0.02	Valod
322208	Tad	AG	Rupvada	06:00:00	16:00:00	0.02	Valod
102503	Bajipura	AG	Valod	06:00:00	16:00:00	0.02	Valod
102502	Bavli	AG	Valod	06:00:00	16:00:00	0.02	Valod
102512	Butwada	JGY	Valod	00:00:00	24:00:00	0.02	Valod
102515	Delwada	JGY	Valod	00:00:00	24:00:00	0.02	Valod
102507	Nansad	AG	Valod	06:00:00	16:00:00	0.02	Valod
102514	Pavran	AG	Valod	06:00:00	16:00:00	0.02	Valod
102511	Rupvada	AG	Valod	06:00:00	16:00:00	0.02	Valod
102508	Siker	AG	Valod	06:00:00	16:00:00	0.02	Valod
102504	Sumul	JGY	Valod	00:00:00	24:00:00	0.02	Valod
102513	Sumul Cattle	HTEX	Valod	00:00:00	24:00:00	0.02	Valod
102509	Tokarva	AG	Valod	06:00:00	16:00:00	0.02	Valod
102501	Valod (T)	JGY	Valod	00:00:00	24:00:00	0.02	Valod
102506	Vedchhi	JGY	Valod	00:00:00	24:00:00	0.02	Valod
140202	Buhari	JGY	Virpore	00:00:00	24:00:00	0.02	Valod
140206	Dadariya	AG	Virpore	06:00:00	16:00:00	0.02	Valod
140204	Virpur	AG	Virpore	06:00:00	16:00:00	0.02	Valod
171901	Radhe Feeder	INDU	Palod2	00:00:00	24:00:00	2	Pipodra
171908	Silver	INDU	Palod2	00:00:00	24:00:00	2	Pipodra
21501	Kim Char Rasta	INDU	Palod	00:00:00	24:00:00	2	Pipodra
21516	Mahatma Ind	INDU	Palod	00:00:00	24:00:00	2	Pipodra
21517	Panchdev Ind	INDU	Palod	00:00:00	24:00:00	2	Pipodra
21514	Rajkamal	INDU	Palod	00:00:00	24:00:00	2	Pipodra
21515	Samir	INDU	Palod	00:00:00	24:00:00	2	Pipodra
22916	Balaji Sayan	HTEXP	Pipodra	00:00:00	24:00:00	2	Pipodra
22905	Dhara	INDU	Pipodra	00:00:00	24:00:00	2	Pipodra
22906	Karanj	JGY	Pipodra	00:00:00	24:00:00	2	Pipodra
22919	Krishna	INDU	Pipodra	00:00:00	24:00:00	2	Pipodra
22922	Kuber	HTEXP	Pipodra	00:00:00	24:00:00	2	Pipodra
22903	Madhav	INDU	Pipodra	00:00:00	24:00:00	2	Pipodra
22912	Mansi	HTEXP	Pipodra	00:00:00	24:00:00	2	Pipodra
22901	Nijanand	INDU	Pipodra	00:00:00	24:00:00	2	Pipodra
22907	Pipodara	INDU	Pipodra	00:00:00	24:00:00	2	Pipodra
22915	Prince	INDU	Pipodra	00:00:00	24:00:00	2	Pipodra
22924	Rushikesh Ind	INDU	Pipodra	00:00:00	24:00:00	2	Pipodra
22918	Shree Ram	INDU	Pipodra	00:00:00	24:00:00	2	Pipodra
22920	Shyam	INDU	Pipodra	00:00:00	24:00:00	2	Pipodra
22917	Sumilone-2	HTEXP	Pipodra	00:00:00	24:00:00	2	Pipodra
22921	Vardhman	HTEXP	Pipodra	00:00:00	24:00:00	2	Pipodra
22923	Vidhata	INDU	Pipodra	00:00:00	24:00:00	2	Pipodra
310905	Ahura	INDU	Pipodra2	00:00:00	24:00:00	2	Pipodra
310911	Bansari	INDU	Pipodra2	00:00:00	24:00:00	2	Pipodra
310906	Ganesh	INDU	Pipodra2	00:00:00	24:00:00	2	Pipodra
310910	General	INDU	Pipodra2	00:00:00	24:00:00	2	Pipodra
310901	Karmeshwar	INDU	Pipodra2	00:00:00	24:00:00	2	Pipodra
310903	Saburi	INDU	Pipodra2	00:00:00	24:00:00	2	Pipodra
310912	Savitri	INDU	Pipodra2	00:00:00	24:00:00	2	Pipodra
310908	Shri Om Ind	INDU	Pipodra2	00:00:00	24:00:00	2	Pipodra
310902	Someshwar	INDU	Pipodra2	00:00:00	24:00:00	2	Pipodra
310904	Tirupati	INDU	Pipodra2	00:00:00	24:00:00	2	Pipodra
310909	Vraj Ind	INDU	Pipodra2	00:00:00	24:00:00	2	Pipodra
